293,Catherine,Abel,Catherine Abel
295,Kim,Abercrombie,Kim Abercrombie
297,Humberto,Acevedo,Humberto Acevedo
291,Gustavo,Achong,Gustavo Achong
299,Pilar,Ackerman,Pilar Ackerman
305,Carla,Adams,Carla Adams
301,Frances,Adams,Frances Adams
307,Jay,Adams,Jay Adams
309,Ronald,Adina,Ronald Adina
311,Samuel,Agcaoili,Samuel Agcaoili
313,James,Aguilar,James Aguilar
315,Robert,Ahlering,Robert Ahlering
319,Kim,Akers,Kim Akers
441,Stanley,Alan,Stanley Alan
323,Amy,Alberts,Amy Alberts
325,Anna,Albright,Anna Albright
327,Milton,Albury,Milton Albury
329,Paul,Alcorn,Paul Alcorn
331,Gregory,Alderson,Gregory Alderson
333,J. Phillip,Alexander,J. Phillip Alexander
1149,Mary,Alexander,Mary Alexander
335,Michelle,Alexander,Michelle Alexander
341,Marvin,Allen,Marvin Allen
343,Michael,Allen,Michael Allen
339,Phyllis,Allen,Phyllis Allen
345,Cecil,Allison,Cecil Allison
347,Oscar,Alpuerto,Oscar Alpuerto
349,Sandra,Altamirano,Sandra Altamirano
351,Selena,Alvarado,Selena Alvarado
353,Emilio,Alvaro,Emilio Alvaro
355,Maxwell,Amland,Maxwell Amland
357,Mae,Anderson,Mae Anderson
359,Ramona,Antrim,Ramona Antrim
361,Sabria,Appelbaum,Sabria Appelbaum
363,Hannah,Arakawa,Hannah Arakawa
365,Kyley,Arbelaez,Kyley Arbelaez
369,Thomas,Armstrong,Thomas Armstrong
371,John,Arthur,John Arthur
373,Chris,Ashton,Chris Ashton
375,Teresa,Atkinson,Teresa Atkinson
377,John,Ault,John Ault
379,Robert,Avalos,Robert Avalos
381,Stephen,Ayers,Stephen Ayers
383,Phillip,Bacalzo,Phillip Bacalzo
389,James,Bailey,James Bailey
391,Douglas,Baldwin,Douglas Baldwin
393,Jennifer,Bales,Jennifer Bales
397,Wayne,Banack,Wayne Banack
405,Robert,Barker,Robert Barker
407,Rebecca,Barley,Rebecca Barley
409,Brenda,Barlow,Brenda Barlow
411,Josh,Barnhill,Josh Barnhill
413,Adam,Barr,Adam Barr
419,David,Bartness,David Bartness
417,Gytis,Barzdukas,Gytis Barzdukas
421,Karel,Bates,Karel Bates
427,Shaun,Beasley,Shaun Beasley
429,John,Beaver,John Beaver
431,Christopher,Beck,Christopher Beck
435,Benjamin,Becker,Benjamin Becker
437,Ann,Beebe,Ann Beebe
439,Shane,Belli,Shane Belli
443,Mason,Bendixen,Mason Bendixen
445,John,Bennetts,John Bennetts
449,Edna,Benson,Edna Benson
453,Max,Benson,Max Benson
451,Payton,Benson,Payton Benson
455,Scot,Bent,Scot Bent
463,Alexander,Berger,Alexander Berger
465,John,Berger,John Berger
471,Robert,Bernacchi,Robert Bernacchi
473,Matthias,Berndt,Matthias Berndt
475,John,Berry,John Berry
479,Chris,Bidelman,Chris Bidelman
481,Mary,Billstrom,Mary Billstrom
483,Jimmy,Bischoff,Jimmy Bischoff
487,Mae,Black,Mae Black
489,Jackie,Blackwell,Jackie Blackwell
385,Daniel,Blanco,Daniel Blanco
491,Donald,Blanton,Donald Blanton
495,Michael,Blythe,Michael Blythe
497,Gabriel,Bockenkamp,Gabriel Bockenkamp
501,Corinna,Bolender,Corinna Bolender
503,Luis,Bonifaz,Luis Bonifaz
387,Cory,Booth,Cory Booth
505,Randall,Boseman,Randall Boseman
507,Stephanie,Bourne,Stephanie Bourne
509,Eli,Bowen,Eli Bowen
511,Lester,Bowman,Lester Bowman
513,David,Bradley,David Bradley
515,Cornelius,Brandon,Cornelius Brandon
517,Richard,Bready,Richard Bready
519,Sara,Breer,Sara Breer
521,Ted,Bremer,Ted Bremer
523,Alan,Brewer,Alan Brewer
525,Walter,Brian,Walter Brian
527,Christopher,Bright,Christopher Bright
531,David,Brink,David Brink
533,John,Brooks,John Brooks
535,Willie,Brooks,Willie Brooks
537,Carolee,Brown,Carolee Brown
539,Jo,Brown,Jo Brown
541,Robert,Brown,Robert Brown
477,Steven,Brown,Steven Brown
543,Kevin,Browne,Kevin Browne
547,Dave,Browning,Dave Browning
545,Mary,Browning,Mary Browning
549,Bridget,Browqett,Bridget Browqett
551,Eric,Brumfield,Eric Brumfield
553,Dick,Brummer,Dick Brummer
555,Michael,Brundage,Michael Brundage
557,Shirley,Bruner,Shirley Bruner
559,June,Brunner,June Brunner
561,Dirk,Bruno,Dirk Bruno
563,Nancy,Buchanan,Nancy Buchanan
565,Janaina Barreiro Gambaro,Bueno,Janaina Barreiro Gambaro Bueno
567,Edward,Buensalido,Edward Buensalido
569,Megan,Burke,Megan Burke
573,Karren,Burkhardt,Karren Burkhardt
577,Dana,Burnell,Dana Burnell
493,Linda,Burnett,Linda Burnett
579,Timothy,Burnett,Timothy Burnett
581,Stephen,Burton,Stephen Burton
583,Deanna,Buskirk,Deanna Buskirk
585,Jared,Bustamante,Jared Bustamante
587,Richard,Byham,Richard Byham
589,David,Byrnes,David Byrnes
591,Ryan,Calafato,Ryan Calafato
595,Mari,Caldwell,Mari Caldwell
597,Barbara,Calone,Barbara Calone
599,Lindsey,Camacho,Lindsey Camacho
601,Gustavo,Camargo,Gustavo Camargo
603,DeeDee,Cameron,DeeDee Cameron
609,David,Campbell,David Campbell
1295,Frank,Campbell,Frank Campbell
607,Joan,Campbell,Joan Campbell
611,Henry,Campen,Henry Campen
613,Chris,Cannon,Chris Cannon
615,Joseph,Cantoni,Joseph Cantoni
617,Suzana De Abreu,Canuto,Suzana De Abreu Canuto
619,Jun,Cao,Jun Cao
621,Johnny,Caprio,Johnny Caprio
623,Richard,Carey,Richard Carey
625,Carlton,Carlisle,Carlton Carlisle
649,Pamela,Carlson,Pamela Carlson
627,Ty Loren,Carlson,Ty Loren Carlson
629,Jane,Carmichael,Jane Carmichael
631,Jovita,Carmody,Jovita Carmody
633,Steve,Carnes,Steve Carnes
635,Fernando,Caro,Fernando Caro
637,Rob,Caron,Rob Caron
639,Andy,Carothers,Andy Carothers
641,Donna,Carreras,Donna Carreras
643,Rosmarie,Carroll,Rosmarie Carroll
647,Joseph,Castellucio,Joseph Castellucio
651,Raul,Casts,Raul Casts
653,Elizabeth,Catalano,Elizabeth Catalano
655,Matthew,Cavallari,Matthew Cavallari
657,Brigid,Cavendish,Brigid Cavendish
659,Andrew,Cencini,Andrew Cencini
661,Stacey,Cereghino,Stacey Cereghino
663,Baris,Cetinok,Baris Cetinok
665,Sean,Chai,Sean Chai
667,Pat,Chambers,Pat Chambers
669,Forrest,Chandler,Forrest Chandler
671,Lee,Chapla,Lee Chapla
675,Neil,Charney,Neil Charney
683,Yao-Qiang,Cheng,Yao-Qiang Cheng
685,Nicky,Chesnut,Nicky Chesnut
687,Susan,Chestnut,Susan Chestnut
689,Martin,Chisholm,Martin Chisholm
691,Mike,Choi,Mike Choi
693,Ruth,Choin,Ruth Choin
695,Anthony,Chor,Anthony Chor
681,Pei,Chow,Pei Chow
697,Charles,Christensen,Charles Christensen
699,Jill,Christie,Jill Christie
701,Alice,Clark,Alice Clark
703,Gina,Clark,Gina Clark
705,James,Clark,James Clark
707,Jane,Clayton,Jane Clayton
709,Kristine,Cleary,Kristine Cleary
713,Connie,Coffman,Connie Coffman
715,Jeanette,Cole,Jeanette Cole
717,Eric,Coleman,Eric Coleman
719,Pat,Coleman,Pat Coleman
721,Takiko,Collins,Takiko Collins
723,John,Colon,John Colon
725,Scott,Colvin,Scott Colvin
727,Aaron,Con,Aaron Con
729,Peter,Connelly,Peter Connelly
731,William,Conner,William Conner
733,Stephanie,Conroy,Stephanie Conroy
735,Amy,Consentino,Amy Consentino
737,Dorothy,Contreras,Dorothy Contreras
739,Patrick,Cook,Patrick Cook
741,Scott,Cooper,Scott Cooper
743,Eva,Corets,Eva Corets
745,Marlin,Coriell,Marlin Coriell
751,Pamela,Cox,Pamela Cox
753,Jack,Creasey,Jack Creasey
757,Shelley,Crow,Shelley Crow
759,Grant,Culbertson,Grant Culbertson
761,Scott,Culp,Scott Culp
763,Conor,Cunningham,Conor Cunningham
765,Jose,Curry,Jose Curry
769,Ryan,Danner,Ryan Danner
771,Mike,Danseglio,Mike Danseglio
773,Megan,Davis,Megan Davis
775,Alvaro,De Matos Miranda Filho,Alvaro De Matos Miranda Filho
777,Jose,De Oliveira,Jose De Oliveira
779,Jacob,Dean,Jacob Dean
781,Alexander,Deborde,Alexander Deborde
783,Barbara,Decker,Barbara Decker
785,Kirk,DeGrasse,Kirk DeGrasse
787,Aidan,Delaney,Aidan Delaney
789,Stefan,Delmarco,Stefan Delmarco
791,Shawn,Demicell,Shawn Demicell
793,Della,Demott Jr,Della Demott Jr
795,Bruno,Deniut,Bruno Deniut
797,Helen,Dennis,Helen Dennis
799,Prashanth,Desai,Prashanth Desai
801,Bev,Desalvo,Bev Desalvo
767,Thierry,D'Hers,Thierry D'Hers
803,Brenda,Diaz,Brenda Diaz
805,Gabriele,Dickmann,Gabriele Dickmann
807,Holly,Dickson,Holly Dickson
809,Dick,Dievendorff,Dick Dievendorff
811,Rudolph,Dillon,Rudolph Dillon
813,Andrew,Dixon,Andrew Dixon
815,Blaine,Dockter,Blaine Dockter
817,Cindy,Dodd,Cindy Dodd
819,John,Donovan,John Donovan
821,Patricia,Doyle,Patricia Doyle
825,Gary,Drury,Gary Drury
823,Gerald,Drury,Gerald Drury
827,Reuben,D'sa,Reuben D'sa
829,Ed,Dudenhoefer,Ed Dudenhoefer
831,Bernard,Duerr,Bernard Duerr
833,Tish,Duff,Tish Duff
835,Adrian,Dumitrascu,Adrian Dumitrascu
837,Bart,Duncan,Bart Duncan
839,Maciej,Dusza,Maciej Dusza
841,Shelley,Dyck,Shelley Dyck
843,Linda,Ecoffey,Linda Ecoffey
845,Carla,Eldridge,Carla Eldridge
847,Carol,Elliott,Carol Elliott
849,Shannon,Elliott,Shannon Elliott
851,Jauna,Elson,Jauna Elson
853,Michael,Emanuel,Michael Emanuel
855,Terry,Eminhizer,Terry Eminhizer
857,John,Emory,John Emory
859,Gail,Erickson,Gail Erickson
861,Mark,Erickson,Mark Erickson
863,Martha,Espinoza,Martha Espinoza
867,Janeth,Esteves,Janeth Esteves
871,Ann,Evans,Ann Evans
873,John,Evans,John Evans
869,Twanna,Evans,Twanna Evans
875,Marc,Faeber,Marc Faeber
877,Fadi,Fakhouri,Fadi Fakhouri
879,Carolyn,Farino,Carolyn Farino
881,Geri,Farrell,Geri Farrell
883,Hanying,Feng,Hanying Feng
317,Fran�ois,Ferrier,Fran�ois Ferrier
889,James,Fine,James Fine
885,Rhoda,Finley,Rhoda Finley
887,Duane,Fitzgerald,Duane Fitzgerald
891,Kathie,Flood,Kathie Flood
893,Jay,Fluegel,Jay Fluegel
895,Kelly,Focht,Kelly Focht
897,Jeffrey,Ford,Jeffrey Ford
913,John,Ford,John Ford
899,Garth,Fort,Garth Fort
901,Dorothy,Fox,Dorothy Fox
903,Judith,Frazier,Judith Frazier
905,John,Fredericksen,John Fredericksen
907,Susan,French,Susan French
909,Liam,Friedland,Liam Friedland
911,Mihail,Frintu,Mihail Frintu
915,Paul,Fulton,Paul Fulton
919,Bob,Gage,Bob Gage
921,Aldeen,Gallagher,Aldeen Gallagher
923,Michael,Galos,Michael Galos
925,Jon,Ganio,Jon Ganio
927,Kathleen,Garza,Kathleen Garza
929,Dominic,Gash,Dominic Gash
931,Janet,Gates,Janet Gates
933,Orlando,Gee,Orlando Gee
935,Darren,Gehring,Darren Gehring
937,Jim,Geist,Jim Geist
939,Barbara,German,Barbara German
941,Tom,Getzinger,Tom Getzinger
943,Leo,Giakoumakis,Leo Giakoumakis
945,Cornett,Gibbens,Cornett Gibbens
947,Frances,Giglio,Frances Giglio
949,Guy,Gilbert,Guy Gilbert
951,Janet,Gilliat,Janet Gilliat
953,Mary,Gimmi,Mary Gimmi
957,Jeanie,Glenn,Jeanie Glenn
959,Diane,Glimp,Diane Glimp
961,James,Glynn,James Glynn
963,Scott,Gode,Scott Gode
965,Mete,Goktepe,Mete Goktepe
969,Brian,Goldstein,Brian Goldstein
973,Linda,Gonzales,Linda Gonzales
971,Lynn,Gonzales,Lynn Gonzales
975,Abigail,Gonzalez,Abigail Gonzalez
977,Michael,Graff,Michael Graff
979,Derek,Graham,Derek Graham
981,Lowell,Graham,Lowell Graham
983,Jon,Grande,Jon Grande
985,Jane,Greer,Jane Greer
987,Geoff,Grisso,Geoff Grisso
989,Douglas,Groncki,Douglas Groncki
991,Brian,Groth,Brian Groth
993,Faith,Gustafson,Faith Gustafson
997,Hattie,Haemon,Hattie Haemon
999,Matthew,Hagemann,Matthew Hagemann
1001,Erin,Hagens,Erin Hagens
1003,Betty,Haines,Betty Haines
1009,Bryan,Hamilton,Bryan Hamilton
1011,James,Hamilton,James Hamilton
1015,Jean,Handley,Jean Handley
1013,Kerim,Hanif,Kerim Hanif
1047,John,Hanson,John Hanson
1017,Mark,Hanson,Mark Hanson
1019,William,Hapke,William Hapke
1021,Katherine,Harding,Katherine Harding
1023,Kimberly,Harrington,Kimberly Harrington
1025,Lucy,Harrington,Lucy Harrington
1027,Keith,Harris,Keith Harris
995,Greg,Harrison,Greg Harrison
1029,Doris,Hartwig,Doris Hartwig
1031,Roger,Harui,Roger Harui
1033,Ann,Hass,Ann Hass
1035,Mark,Hassall,Mark Hassall
1037,Neal,Hasty,Neal Hasty
1039,James,Haugh,James Haugh
1041,Jeff,Hay,Jeff Hay
1043,Brenda,Heaney,Brenda Heaney
1045,James,Hendergart,James Hendergart
1049,Valerie,Hendricks,Valerie Hendricks
1051,Jay,Henningsen,Jay Henningsen
1053,Jeff,Henshaw,Jeff Henshaw
1055,Kari,Hensien,Kari Hensien
1059,Irene,Hernandez,Irene Hernandez
1061,J�sus,Hernandez,J�sus Hernandez
1063,Pam,Herrick,Pam Herrick
1065,Cheryl,Herring,Cheryl Herring
1067,Ronald,Heymsfield,Ronald Heymsfield
1069,Sidney,Higa,Sidney Higa
1071,Onetha,Higgs,Onetha Higgs
1073,Fran,Highfill,Fran Highfill
1077,Andrew,Hill,Andrew Hill
1075,Geneva,Hill,Geneva Hill
1079,Reinout,Hillmann,Reinout Hillmann
1081,Mike,Hines,Mike Hines
1083,Matthew,Hink,Matthew Hink
1085,Nancy,Hirota,Nancy Hirota
1087,Rose,Hirsch,Rose Hirsch
1089,Douglas,Hite,Douglas Hite
1099,Bob,Hodges,Bob Hodges
1091,David,Hodgson,David Hodgson
1093,Helge,Hoeing,Helge Hoeing
1095,Barbara,Hoffman,Barbara Hoffman
1101,Jean,Holloway,Jean Holloway
1107,Juanita,Holman,Juanita Holman
1105,Eddie,Holmes,Eddie Holmes
1109,Peter,Houston,Peter Houston
1111,Curtis,Howard,Curtis Howard
1113,Joe,Howard,Joe Howard
1115,Janice,Hows,Janice Hows
1117,George,Huckaby,George Huckaby
1121,Arlene,Huff,Arlene Huff
1119,Joshua,Huff,Joshua Huff
1125,Phyllis,Huntsman,Phyllis Huntsman
1127,Lawrence,Hurkett,Lawrence Hurkett
1133,Lucio,Iallo,Lucio Iallo
1129,Ryan,Ihrig,Ryan Ihrig
1131,Beth,Inghram,Beth Inghram
1135,Richard,Irwin,Richard Irwin
1137,Erik,Ismert,Erik Ismert
1139,Denean,Ison,Denean Ison
1141,Raman,Iyer,Raman Iyer
1143,Bronson,Jacobs,Bronson Jacobs
1145,Eric,Jacobsen,Eric Jacobsen
1147,Jodan,Jacobson,Jodan Jacobson
337,Sean,Jacobson,Sean Jacobson
1151,David,Jaffe,David Jaffe
1153,Jay,Jamison,Jay Jamison
1157,Joyce,Jarvis,Joyce Jarvis
1159,George,Jiang,George Jiang
1161,Stephen,Jiang,Stephen Jiang
1155,Vance,Johns,Vance Johns
1169,Barry,Johnson,Barry Johnson
1171,Brian,Johnson,Brian Johnson
1165,Danielle,Johnson,Danielle Johnson
1173,David,Johnson,David Johnson
1167,Greg,Johnson,Greg Johnson
1163,Samuel,Johnson,Samuel Johnson
1175,Willis,Johnson,Willis Johnson
1177,Tamara,Johnston,Tamara Johnston
367,Tom,Johnston,Tom Johnston
1181,Brannon,Jones,Brannon Jones
1183,Jean,Jordan,Jean Jordan
1185,Peggy,Justice,Peggy Justice
1195,Sandeep,Kaliyath,Sandeep Kaliyath
1197,John,Kane,John Kane
1199,Lori,Kane,Lori Kane
1205,Sandeep,Katyal,Sandeep Katyal
1209,Kendall,Keil,Kendall Keil
1211,Victor,Kelley,Victor Kelley
1213,John,Kelly,John Kelly
1215,Robert,Kelly,Robert Kelly
1249,Jim,Kennedy,Jim Kennedy
1217,Kevin,Kennedy,Kevin Kennedy
1265,Mitch,Kennedy,Mitch Kennedy
1219,Mary,Kesslep,Mary Kesslep
1223,Elizabeth,Keyser,Elizabeth Keyser
1227,Imtiaz,Khan,Imtiaz Khan
1229,Karan,Khanna,Karan Khanna
1233,Jim,Kim,Jim Kim
1231,Joe,Kim,Joe Kim
1235,Shane,Kim,Shane Kim
1237,Tim,Kim,Tim Kim
1251,Kirk,King,Kirk King
1239,Russell,King,Russell King
1241,Anton,Kirilov,Anton Kirilov
1191,Sandra,Kitt,Sandra Kitt
1243,Christian,Kleinerman,Christian Kleinerman
1245,Andrew,Kobylinski,Andrew Kobylinski
1247,Reed,Koch,Reed Koch
1253,Eugene,Kogan,Eugene Kogan
1255,Scott,Konersmann,Scott Konersmann
1257,Joy,Koski,Joy Koski
1259,Pamala,Kotc,Pamala Kotc
1261,Edward,Kozlowski,Edward Kozlowski
1187,Diane,Krane,Diane Krane
1201,Judith,Krane,Judith Krane
1203,Kay,Krane,Kay Krane
1269,Margaret,Krupka,Margaret Krupka
1271,Deepak,Kumar,Deepak Kumar
1273,Jeffrey,Kung,Jeffrey Kung
1275,Vamsi,Kuppa,Vamsi Kuppa
1279,Peter,Kurniawan,Peter Kurniawan
1277,Jeffrey,Kurtz,Jeffrey Kurtz
1281,Eric,Lang,Eric Lang
1283,Rebecca,Laszlo,Rebecca Laszlo
1285,Cecilia,Laursen,Cecilia Laursen
1287,David,Lawrence,David Lawrence
1289,Elsa,Leavitt,Elsa Leavitt
1293,Marjorie,Lee,Marjorie Lee
1297,Mark,Lee,Mark Lee
1291,Michael,Lee,Michael Lee
1299,Robertson,Lee,Robertson Lee
1301,Jolie,Lenehan,Jolie Lenehan
1303,Roger,Lengel,Roger Lengel
1305,A.,Leonetti,A. Leonetti
1307,Bonnie,Lepro,Bonnie Lepro
1309,Gloria,Lesko,Gloria Lesko
1311,Linda,Leste,Linda Leste
1315,Judy,Lew,Judy Lew
1317,Elsie,Lewin,Elsie Lewin
1319,George,Li,George Li
1321,Yale,Li,Yale Li
1323,Yan,Li,Yan Li
1325,Yuhong,Li,Yuhong Li
1327,Joseph,Lique,Joseph Lique
1329,Paulo,Lisboa,Paulo Lisboa
1331,David,Liu,David Liu
1333,Jinghao,Liu,Jinghao Liu
1335,Kevin,Liu,Kevin Liu
1337,Run,Liu,Run Liu
1339,Todd,Logan,Todd Logan
1341,Kok-Ho,Loh,Kok-Ho Loh
1343,John,Long,John Long
1345,Sharon,Looney,Sharon Looney
1349,Spencer,Low,Spencer Low
1351,Anita,Lucerne,Anita Lucerne
1353,Jose,Lugo,Jose Lugo
1355,Richard,Lum,Richard Lum
1357,Judy,Lundahl,Judy Lundahl
1361,Helen,Lutes,Helen Lutes
1363,Robert,Lyeba,Robert Lyeba
1365,Sharon,Lynn,Sharon Lynn
1367,Robert,Lyon,Robert Lyon
1369,Jenny,Lysaker,Jenny Lysaker
1371,Denise,Maccietto,Denise Maccietto
1373,Scott,MacDonald,Scott MacDonald
1377,Patrick,Magenheimer,Patrick Magenheimer
1379,Kimberly,Malmendier,Kimberly Malmendier
1381,Ajay,Manchepalli,Ajay Manchepalli
1383,Parul,Manek,Parul Manek
1385,Tomas,Manzanares,Tomas Manzanares
1387,Kathy,Marcovecchio,Kathy Marcovecchio
1391,Melissa,Marple,Melissa Marple
1393,Cecelia,Marshall,Cecelia Marshall
1403,Frank,Mart�nez,Frank Mart�nez
1395,Benjamin,Martin,Benjamin Martin
1397,Linda,Martin,Linda Martin
1399,Mindy,Martin,Mindy Martin
1405,Steve,Masters,Steve Masters
1407,Joseph,Matthews,Joseph Matthews
1409,Jennifer,Maxham,Jennifer Maxham
1411,Chris,Maxwell,Chris Maxwell
1413,Sandra,Maynard,Sandra Maynard
1375,Walter,Mays,Walter Mays
1419,Stacie,Mcanich,Stacie Mcanich
1421,Katie,McAskill-White,Katie McAskill-White
1423,Lola,McCarthy,Lola McCarthy
1425,Jane,McCarty,Jane McCarty
1415,John,McClane,John McClane
1427,Nikki,McCormick,Nikki McCormick
1429,James,McCoy,James McCoy
1431,Christinia,McDonald,Christinia McDonald
1433,Alejandro,McGuel,Alejandro McGuel
1417,Robin,McGuigan,Robin McGuigan
1435,Yvonne,McKay,Yvonne McKay
1437,Nkenge,McLin,Nkenge McLin
1439,Nancy,McPhearson,Nancy McPhearson
1441,Nellie,Medina,Nellie Medina
1443,Raquel,Mello,Raquel Mello
1447,R. Morgan,Mendoza,R. Morgan Mendoza
1449,Tosh,Meston,Tosh Meston
1453,Stephen,Mew,Stephen Mew
1459,Deanna,Meyer,Deanna Meyer
1455,Eric,Meyer,Eric Meyer
1457,Helen,Meyer,Helen Meyer
1461,Gary,Meyerhoff,Gary Meyerhoff
1463,Ramesh,Meyyappan,Ramesh Meyyappan
1465,Thomas,Michaels,Thomas Michaels
1467,Jan,Miksovsky,Jan Miksovsky
1475,Ben,Miller,Ben Miller
1477,Dylan,Miller,Dylan Miller
1473,Emilo,Miller,Emilo Miller
1479,Frank,Miller,Frank Miller
1471,Matthew,Miller,Matthew Miller
1469,Virginia,Miller,Virginia Miller
1483,Linda,Mitchell,Linda Mitchell
1481,Neva,Mitchell,Neva Mitchell
1485,Scott,Mitchell,Scott Mitchell
1489,Joseph,Mitzner,Joseph Mitzner
303,Margaret,Smith,Margaret Smith
1795,Laura,Steele,Laura Steele
1797,Shanay,Steelman,Shanay Steelman
1801,Stefano,Stefani,Stefano Stefani
1803,Alan,Steiner,Alan Steiner
1811,Alice,Steiner,Alice Steiner
1805,Derik,Stenerson,Derik Stenerson
1807,Vassar,Stern,Vassar Stern
1809,Wathalee,Steuber,Wathalee Steuber
1813,Liza Marie,Stevens,Liza Marie Stevens
1815,Jim,Stewart,Jim Stewart
1817,Judy,Storjohann,Judy Storjohann
1821,Robert,Stotka,Robert Stotka
1823,Kayla,Stotler,Kayla Stotler
1825,Charles,Strange,Charles Strange
1827,Ruby Sue,Styles,Ruby Sue Styles
1829,Min,Su,Min Su
1831,Gary,Suess,Gary Suess
1833,Ruth,Suffin,Ruth Suffin
1835,Elizabeth,Sullivan,Elizabeth Sullivan
1837,Michael,Sullivan,Michael Sullivan
1839,Marcia,Sultan,Marcia Sultan
1841,Nate,Sun,Nate Sun
1843,Krishna,Sunkammurali,Krishna Sunkammurali
1845,Brad,Sutton,Brad Sutton
1851,Katherine,Swan,Katherine Swan
1849,Abraham,Swearengin,Abraham Swearengin
1855,Shelly,Szymanski,Shelly Szymanski
1857,Julie,Taft-Rider,Julie Taft-Rider
1859,Clarence,Tatman,Clarence Tatman
1861,Damon,Taylor,Damon Taylor
1865,Denis,Taylor,Denis Taylor
1863,Mike,Taylor,Mike Taylor
1869,Chad,Tedford,Chad Tedford
1871,Sameer,Tejani,Sameer Tejani
1873,Vanessa,Tench,Vanessa Tench
1867,Jeff,Teper,Jeff Teper
1875,Judy,Thames,Judy Thames
1877,Karen,Theisen,Karen Theisen
1879,Ram,Thirunavukkarasu,Ram Thirunavukkarasu
1883,James,Thomas,James Thomas
1881,Phyllis,Thomas,Phyllis Thomas
1889,Daniel,Thompson,Daniel Thompson
1885,Donald,Thompson,Donald Thompson
1887,Kendra,Thompson,Kendra Thompson
1891,Andrea,Thomsen,Andrea Thomsen
1893,Rossane,Thoreson,Rossane Thoreson
1895,Yuping,Tian,Yuping Tian
1897,Mike,Tiano,Mike Tiano
1899,Diane,Tibbott,Diane Tibbott
1901,Danielle,Tiedt,Danielle Tiedt
1903,Tony,Ting,Tony Ting
1905,John,Tippett,John Tippett
1909,Delia,Toone,Delia Toone
1911,Alvin,Torre,Alvin Torre
1913,Anna,Townsend,Anna Townsend
1915,Glenn,Track,Glenn Track
1917,Abe,Tramel,Abe Tramel
1923,Doris,Traube,Doris Traube
1925,Jean,Trenary,Jean Trenary
1927,Billy,Trent,Billy Trent
1929,David,Trolen,David Trolen
1931,Michael John,Troyer,Michael John Troyer
1933,Christie,Trujillo,Christie Trujillo
1935,Lynn,Tsoflias,Lynn Tsoflias
1937,Gracia,Tuell,Gracia Tuell
1939,Phyllis,Tuffield,Phyllis Tuffield
1943,Sairaj,Uddin,Sairaj Uddin
1945,Sunil,Uppal,Sunil Uppal
1947,Mary,Vaca,Mary Vaca
1949,Rachel,Valdez,Rachel Valdez
1953,H.,Valentine,H. Valentine
1955,Jessie,Valerio,Jessie Valerio
1951,Esther,Valle,Esther Valle
1957,Johnathan,Van Eaton,Johnathan Van Eaton
1959,Roger,Van Houten,Roger Van Houten
1961,Mandy,Vance,Mandy Vance
1963,Rose,Vandenouer,Rose Vandenouer
1965,Gregory,Vanderbout,Gregory Vanderbout
1967,Michael,Vanderhyde,Michael Vanderhyde
1969,Margaret,Vanderkamp,Margaret Vanderkamp
1971,Kara,Vanderlinden,Kara Vanderlinden
1977,Gary,Vargas,Gary Vargas
1975,Nieves,Vargas,Nieves Vargas
1979,Ranjit,Varkey Chudukatil,Ranjit Varkey Chudukatil
1981,Patricia,Vasquez,Patricia Vasquez
1983,Raja,Venugopal,Raja Venugopal
1985,Kevin,Verboort,Kevin Verboort
1987,Dora,Verdad,Dora Verdad
1989,Wanda,Vernon,Wanda Vernon
1991,Robert,Vessa,Robert Vessa
1993,Caroline,Vicknair,Caroline Vicknair
